BEGIN;

-- 1. CUSTOMERS
INSERT INTO public.customers (id, nome_completo, cpf, data_nascimento, telefone, email, instagram, endereco_completo, origem, status, is_active) VALUES ('39e705f9-47dc-4806-b827-da33086a520f', 'Amanda Rezende', '512.467.803-80', '1998-05-10', '+55 31 8106 6342', 'meloisabel@example.org', '@mouraeloah', 'Quadra Melo, 2, Lagoa, 04611418 Oliveira / ES', 'Instagram', 'cliente_klibra', true);
INSERT INTO public.customers (id, nome_completo, cpf, data_nascimento, telefone, email, instagram, endereco_completo, origem, status, is_active) VALUES ('37ee978f-c43f-49ae-bb74-62cc4e045afc', 'Sr. Vitor da Rocha', '954.276.318-28', '1974-07-17', '+55 (084) 9356-8425', 'vieirahelena@example.com', '@freitasluiz-miguel', 'Trecho de Teixeira, 52, Dom Cabral, 95368-598 da Cunha / DF', 'Indicação', 'cliente_klibra', true);
INSERT INTO public.customers (id, nome_completo, cpf, data_nascimento, telefone, email, instagram, endereco_completo, origem, status, is_active) VALUES ('ae8d5faf-c718-46ef-92b7-b96633070f10', 'Sra. Eduarda Nunes', '630.274.851-80', '2002-05-04', '(031) 2825-0764', 'xribeiro@example.org', '@pedro-henrique26', 'Via de Ribeiro, 1, Palmares, 66317-793 Araújo do Oeste / GO', 'Instagram', 'aluno', true);
INSERT INTO public.customers (id, nome_completo, cpf, data_nascimento, telefone, email, instagram, endereco_completo, origem, status, is_active) VALUES ('42f4a31a-365d-4049-ab7f-38011e95c36f', 'Yago Moreira', '386.597.041-93', '1961-01-06', '+55 84 3607 0803', 'maria-cecilia82@example.net', '@jda-mata', 'Loteamento Eloah da Paz, 51, Ermelinda, 72625818 Jesus / MT', 'Indicação', 'inativo', true);
INSERT INTO public.customers (id, nome_completo, cpf, data_nascimento, telefone, email, instagram, endereco_completo, origem, status, is_active) VALUES ('3043e028-80c1-4972-8ac6-bfcf418b97a0', 'Srta. Maria Clara Pires', '726.180.394-40', '1993-05-10', '+55 71 7253 7491', 'bernardonogueira@example.org', '@aragaogabriel', 'Passarela Thomas Martins, Ápia, 57416-009 Freitas / RN', 'Indicação', 'inativo', true);
INSERT INTO public.customers (id, nome_completo, cpf, data_nascimento, telefone, email, instagram, endereco_completo, origem, status, is_active) VALUES ('9f0f8db3-63b5-423c-8640-a393aad12237', 'Maria Luiza Rezende', '296.510.347-34', '1989-05-10', '(061) 9609 0752', 'maria-vitoria20@example.com', '@imoura', 'Trecho Fernandes, 88, Vila Jardim Leblon, 61340691 da Luz / MG', 'Indicação', 'inativo', true);
INSERT INTO public.customers (id, nome_completo, cpf, data_nascimento, telefone, email, instagram, endereco_completo, origem, status, is_active) VALUES ('62234a05-6316-4e3a-924a-2691565d929b', 'Sra. Ana Laura Nunes', '257.406.831-90', '1974-11-28', '+55 41 9601 3635', 'gustavo89@example.net', '@wmoreira', 'Condomínio de Cunha, 820, Caetano Furquim, 71203912 Almeida / ES', 'Indicação', 'aluno', true);
INSERT INTO public.customers (id, nome_completo, cpf, data_nascimento, telefone, email, instagram, endereco_completo, origem, status, is_active) VALUES ('bd06616f-e7ff-4192-b31f-a88c8e037c84', 'Dr. Davi Lucas Moura', '710.432.589-14', '1990-03-19', '0800 197 0556', 'gabriela29@example.com', '@davi-lucca64', 'Viaduto de Rezende, 95, Maravilha, 56163907 Porto Alegre / AL', 'Instagram', 'lead', true);
INSERT INTO public.customers (id, nome_completo, cpf, data_nascimento, telefone, email, instagram, endereco_completo, origem, status, is_active) VALUES ('a4fd343f-759b-45ee-bd75-2a71f15c7984', 'Dra. Elisa Martins', '986.124.073-03', '1976-05-10', '+55 41 9505 8032', 'isisda-costa@example.com', '@gcardoso', 'Recanto Lopes, 655, Jardim Dos Comerciarios, 59819838 da Rosa / SP', 'Instagram', 'inativo', true);
INSERT INTO public.customers (id, nome_completo, cpf, data_nascimento, telefone, email, instagram, endereco_completo, origem, status, is_active) VALUES ('68d3bef4-f975-497b-8a18-f7e3a2202f9d', 'Helena Melo', '326.815.709-21', '1966-01-30', '+55 11 4989 5425', 'heloisa17@example.org', '@enricofernandes', 'Parque de Pires, 9, Maria Virgínia, 76962911 Silveira / SE', 'WhatsApp', 'inativo', true);
INSERT INTO public.customers (id, nome_completo, cpf, data_nascimento, telefone, email, instagram, endereco_completo, origem, status, is_active) VALUES ('43a97dbc-a131-40fe-a04a-30659c7cf285', 'Amanda Fernandes', '405.682.137-26', '1970-10-13', '+55 31 4454 5125', 'carolinacaldeira@example.net', '@da-conceicaobryan', 'Favela de Duarte, 8, Jardim América, 93213641 Porto Verde / MG', 'Instagram', 'cliente_klibra', true);
INSERT INTO public.customers (id, nome_completo, cpf, data_nascimento, telefone, email, instagram, endereco_completo, origem, status, is_active) VALUES ('d92a046f-1991-48c5-afd3-4c0f86347715', 'Luiz Gustavo Gonçalves', '067.418.235-90', '1996-10-12', '(051) 8683-5338', 'andrecorreia@example.com', '@urezende', 'Rodovia Duarte, Novo São Lucas, 76071481 Moreira / SP', 'Congresso', 'aluno', true);
INSERT INTO public.customers (id, nome_completo, cpf, data_nascimento, telefone, email, instagram, endereco_completo, origem, status, is_active) VALUES ('eacc55e3-6cf7-45d6-b2c7-f06d37b5878a', 'Maria Fernanda Vieira', '264.085.937-47', '2001-08-04', '0500-529-1783', 'mariamonteiro@example.org', '@henriquepeixoto', 'Colônia Davi Lucas Azevedo, 76, São Bernardo, 08497743 Fogaça de Souza / SP', 'Instagram', 'aluno', true);
INSERT INTO public.customers (id, nome_completo, cpf, data_nascimento, telefone, email, instagram, endereco_completo, origem, status, is_active) VALUES ('d64c311a-790c-44ec-8c31-22e5bdf03bd9', 'Dra. Evelyn Nunes', '012.893.574-04', '1977-09-24', '+55 (041) 3565 2271', 'yagoda-cruz@example.net', '@caue90', 'Rodovia de Pereira, 559, Biquinhas, 12427-701 Martins / ES', 'Indicação', 'aluno', true);
INSERT INTO public.customers (id, nome_completo, cpf, data_nascimento, telefone, email, instagram, endereco_completo, origem, status, is_active) VALUES ('317fb309-76d7-475c-84f3-a0d46aca395d', 'Laís Novaes', '763.098.452-92', '1990-03-04', '(061) 9168 7521', 'isabella52@example.com', '@barbosaigor', 'Via Gomes, 94, Paulo Vi, 58684-065 Ferreira Paulista / AM', 'Congresso', 'lead', true);
INSERT INTO public.customers (id, nome_completo, cpf, data_nascimento, telefone, email, instagram, endereco_completo, origem, status, is_active) VALUES ('5acf328b-d7db-4639-8583-85fd7c673a46', 'Miguel Araújo', '021.497.586-01', '1994-04-27', '+55 51 7952 6671', 'da-rosanathan@example.org', '@erick18', 'Feira Barros, 6, Bonfim, 59639-971 Silva / PA', 'Congresso', 'inativo', true);
INSERT INTO public.customers (id, nome_completo, cpf, data_nascimento, telefone, email, instagram, endereco_completo, origem, status, is_active) VALUES ('fbd30406-54fb-4143-bc7b-88474d6bd795', 'Maria Clara Araújo', '072.854.691-49', '1995-04-26', '51 7992 6360', 'ana-sophiadias@example.net', '@augustopinto', 'Viaduto Farias, 5, Lagoa, 26736805 Costa / CE', 'Indicação', 'inativo', true);
INSERT INTO public.customers (id, nome_completo, cpf, data_nascimento, telefone, email, instagram, endereco_completo, origem, status, is_active) VALUES ('0cd5f1d6-bd3c-4678-8de9-80cfa1c59a16', 'Joaquim Rezende', '094.753.261-70', '1992-12-31', '(011) 8908-5955', 'salesbrenda@example.com', '@bmoura', 'Esplanada Pinto, Horto, 86116-401 Farias / ES', 'Instagram', 'inativo', true);
INSERT INTO public.customers (id, nome_completo, cpf, data_nascimento, telefone, email, instagram, endereco_completo, origem, status, is_active) VALUES ('6f62c32e-8af0-4689-b3d9-94d7e58bbcc8', 'Gabriela Novaes', '361.597.842-00', '1973-05-12', '41 5019 6834', 'holiveira@example.net', '@wmendes', 'Loteamento de Mendes, 79, Alpes, 41072-202 Lima de Fernandes / PA', 'WhatsApp', 'aluno', true);
INSERT INTO public.customers (id, nome_completo, cpf, data_nascimento, telefone, email, instagram, endereco_completo, origem, status, is_active) VALUES ('b3bab892-f436-4698-aaf9-5c2b9bf0cbc9', 'Lorena Martins', '521.783.096-40', '1961-07-19', '+55 81 6594 7926', 'augustonogueira@example.org', '@maria51', 'Viela de Ramos, 3, Vila Aeroporto, 68825784 Costela / RS', 'Congresso', 'aluno', true);
INSERT INTO public.customers (id, nome_completo, cpf, data_nascimento, telefone, email, instagram, endereco_completo, origem, status, is_active) VALUES ('e7132a5f-85ca-4a9a-a99f-f8114d471369', 'João Lucas Almeida', '194.208.563-05', '2000-11-02', '+55 (051) 1845-1237', 'isilva@example.org', '@helenapereira', 'Viaduto Porto, 43, Alípio De Melo, 07603157 Correia / SC', 'Indicação', 'aluno', true);
INSERT INTO public.customers (id, nome_completo, cpf, data_nascimento, telefone, email, instagram, endereco_completo, origem, status, is_active) VALUES ('a0120197-82a0-4cdf-929e-23a2bcc79def', 'João Felipe Aragão', '396.057.824-56', '1971-08-27', '+55 (061) 7828-6774', 'ferreiraaugusto@example.com', '@fernandacostela', 'Ladeira de Mendes, Vila Nova, 45483-928 Alves da Serra / PB', 'WhatsApp', 'inativo', true);
INSERT INTO public.customers (id, nome_completo, cpf, data_nascimento, telefone, email, instagram, endereco_completo, origem, status, is_active) VALUES ('1fbeb767-f273-4e6b-bba6-ec9ce7d22681', 'Yago da Costa', '916.275.034-80', '1999-10-05', '+55 31 1733-7549', 'cardosoleandro@example.org', '@kamillyduarte', 'Ladeira Cauê Souza, 19, Apolonia, 23933504 das Neves da Praia / AM', 'Congresso', 'aluno', true);
INSERT INTO public.customers (id, nome_completo, cpf, data_nascimento, telefone, email, instagram, endereco_completo, origem, status, is_active) VALUES ('92e3de73-2d08-4478-b29f-8f1d59aa1a5e', 'Evelyn Costa', '564.123.807-44', '1974-08-31', '0500 896 4428', 'pereiralorena@example.net', '@vcarvalho', 'Parque da Rocha, 48, Coração De Jesus, 51634499 da Rosa / AC', 'Instagram', 'cliente_klibra', true);
INSERT INTO public.customers (id, nome_completo, cpf, data_nascimento, telefone, email, instagram, endereco_completo, origem, status, is_active) VALUES ('8d12a8f2-617e-44a4-9729-f30ad9ef7b04', 'Maria Cecília da Conceição', '537.196.240-99', '2001-08-10', '81 4796 1511', 'camila89@example.net', '@maysaribeiro', 'Estação de Silva, 4, Vila Satélite, 33883561 Cunha das Pedras / BA', 'Indicação', 'lead', true);
INSERT INTO public.customers (id, nome_completo, cpf, data_nascimento, telefone, email, instagram, endereco_completo, origem, status, is_active) VALUES ('9d75a1d3-5dc1-4492-9e09-676bec62c14a', 'Brenda Ramos', '052.917.346-80', '1995-11-12', '84 4617 9129', 'fmonteiro@example.com', '@mouraana', 'Rodovia de Porto, 44, Mirante, 99655-838 Correia da Serra / MA', 'WhatsApp', 'lead', true);
INSERT INTO public.customers (id, nome_completo, cpf, data_nascimento, telefone, email, instagram, endereco_completo, origem, status, is_active) VALUES ('ad0bf96b-50d7-498d-9a0f-0dd6cbdea54d', 'Danilo da Mota', '864.925.013-06', '1960-09-15', '+55 71 6213-6602', 'danilo09@example.net', '@luanada-rocha', 'Avenida Lorenzo Campos, 43, Cdi Jatoba, 27593059 Correia de Barros / MT', 'WhatsApp', 'lead', true);
INSERT INTO public.customers (id, nome_completo, cpf, data_nascimento, telefone, email, instagram, endereco_completo, origem, status, is_active) VALUES ('5abd0025-2646-4504-aba3-06a94d627a7e', 'Emanuel Alves', '172.986.430-96', '1980-02-05', '21 0464 2659', 'joao-migueldas-neves@example.net', '@fariasjoao-vitor', 'Lagoa de Pereira, 53, Casa Branca, 53020574 Pires / PB', 'WhatsApp', 'inativo', true);
INSERT INTO public.customers (id, nome_completo, cpf, data_nascimento, telefone, email, instagram, endereco_completo, origem, status, is_active) VALUES ('d1b890e1-fab4-40b5-a63f-6294177a51a9', 'Helena Rocha', '769.830.412-40', '1995-11-23', '0800 863 0903', 'da-rosamarcos-vinicius@example.net', '@andre30', 'Avenida Vitória Santos, 38, Bonfim, 20677-747 Rodrigues de das Neves / MT', 'WhatsApp', 'lead', true);
INSERT INTO public.customers (id, nome_completo, cpf, data_nascimento, telefone, email, instagram, endereco_completo, origem, status, is_active) VALUES ('69dda81f-7ee9-4e75-865d-7fec5124cef3', 'Eduardo Correia', '506.813.472-44', '1975-07-29', '(071) 2112 4238', 'martinsesther@example.com', '@costelaisaac', 'Morro Sarah da Rocha, 592, Vila Madre Gertrudes 2ª Seção, 19475-303 da Conceição / AL', 'Congresso', 'aluno', true);
INSERT INTO public.customers (id, nome_completo, cpf, data_nascimento, telefone, email, instagram, endereco_completo, origem, status, is_active) VALUES ('400e03c5-7732-4484-9ffe-8df5c13ed8a6', 'Sr. Kaique Rocha', '562.493.187-55', '1988-02-27', '21 5517 6004', 'lopesjoao-lucas@example.net', '@caroline34', 'Ladeira de da Conceição, 67, Conjunto Taquaril, 49932041 Pinto de Cardoso / CE', 'Indicação', 'inativo', true);
INSERT INTO public.customers (id, nome_completo, cpf, data_nascimento, telefone, email, instagram, endereco_completo, origem, status, is_active) VALUES ('e221bd58-c8ab-456c-ad50-44e787471f89', 'Levi Dias', '809.421.735-97', '1960-11-19', '21 5030-2645', 'felipe56@example.net', '@larissa20', 'Viaduto Vieira, 11, Capitão Eduardo, 92182432 Cunha / PB', 'Instagram', 'lead', true);
INSERT INTO public.customers (id, nome_completo, cpf, data_nascimento, telefone, email, instagram, endereco_completo, origem, status, is_active) VALUES ('b0b53b1d-2571-419d-8852-788611a0b806', 'Vitor Campos', '584.267.193-09', '2003-08-10', '(061) 4886 7821', 'correianicole@example.net', '@ana-lauranovaes', 'Lagoa de Rodrigues, 90, Vila Madre Gertrudes 3ª Seção, 87885-732 Novaes do Norte / AM', 'Instagram', 'cliente_klibra', true);
INSERT INTO public.customers (id, nome_completo, cpf, data_nascimento, telefone, email, instagram, endereco_completo, origem, status, is_active) VALUES ('8b9892e9-be18-408a-a48c-169f14447c9b', 'Gustavo Henrique Souza', '136.097.458-00', '2004-08-26', '+55 (081) 9014-1619', 'portoagatha@example.com', '@umelo', 'Lago Ana Lívia da Costa, 13, Boa Esperança, 82730149 Rocha de Goiás / AL', 'Instagram', 'cliente_klibra', true);
INSERT INTO public.customers (id, nome_completo, cpf, data_nascimento, telefone, email, instagram, endereco_completo, origem, status, is_active) VALUES ('d3caf1c6-bec4-4176-90c8-d115134f9e2c', 'Fernanda Fernandes', '295.137.860-21', '2003-05-14', '11 9432 0639', 'qaragao@example.com', '@igorpires', 'Sítio de Novaes, Vitoria Da Conquista, 45535-700 Nunes de Silveira / RJ', 'Instagram', 'lead', true);
INSERT INTO public.customers (id, nome_completo, cpf, data_nascimento, telefone, email, instagram, endereco_completo, origem, status, is_active) VALUES ('3550745c-0382-422d-b5a1-5ea2f53728db', 'Caio Monteiro', '637.428.059-83', '1967-05-07', '(051) 8289-6455', 'giovannaribeiro@example.net', '@framos', 'Residencial Pires, 62, Teixeira Dias, 09460261 Moreira das Pedras / DF', 'Congresso', 'aluno', true);
INSERT INTO public.customers (id, nome_completo, cpf, data_nascimento, telefone, email, instagram, endereco_completo, origem, status, is_active) VALUES ('fad14431-afe4-42a6-8756-1143f488dab8', 'Danilo Peixoto', '761.534.892-73', '1984-07-15', '+55 (021) 0198-0597', 'nfreitas@example.net', '@rafaelapereira', 'Travessa Giovanna Correia, Europa, 52848-397 da Conceição / PI', 'Instagram', 'lead', true);
INSERT INTO public.customers (id, nome_completo, cpf, data_nascimento, telefone, email, instagram, endereco_completo, origem, status, is_active) VALUES ('b6e456a6-0861-4a23-bfd9-e7209f34d5d5', 'Daniela Alves', '236.470.891-50', '1984-07-27', '+55 41 2282 2979', 'novaesluana@example.net', '@msilva', 'Pátio Carvalho, 13, Vila Batik, 82932113 Martins Alegre / RR', 'Congresso', 'lead', true);
INSERT INTO public.customers (id, nome_completo, cpf, data_nascimento, telefone, email, instagram, endereco_completo, origem, status, is_active) VALUES ('120deb77-68d0-46ed-895d-e50f33cd9422', 'Stephany Pires', '056.348.921-98', '1972-01-03', '81 0740-8749', 'gda-mata@example.com', '@ygomes', 'Campo da Cruz, 5, Monsenhor Messias, 99986-481 Fogaça da Serra / SC', 'Indicação', 'lead', true);
INSERT INTO public.customers (id, nome_completo, cpf, data_nascimento, telefone, email, instagram, endereco_completo, origem, status, is_active) VALUES ('89d3aa7c-3b9f-43a9-9750-49e035ec294b', 'Lavínia Correia', '391.058.462-42', '1994-07-04', '+55 31 8492 2374', 'novaesenzo-gabriel@example.org', '@tcorreia', 'Vereda de Gomes, 6, Nazare, 73332341 Aragão de Nogueira / CE', 'Instagram', 'aluno', true);
INSERT INTO public.customers (id, nome_completo, cpf, data_nascimento, telefone, email, instagram, endereco_completo, origem, status, is_active) VALUES ('fe3bdeda-547e-425c-8ed8-927e8760b270', 'João Miguel Moraes', '586.439.201-42', '1980-04-25', '(051) 2390 1930', 'anada-luz@example.com', '@goncalvesdaniela', 'Condomínio Ribeiro, 2, Barão Homem De Melo 3ª Seção, 60175031 Carvalho Paulista / MS', 'Congresso', 'inativo', true);
INSERT INTO public.customers (id, nome_completo, cpf, data_nascimento, telefone, email, instagram, endereco_completo, origem, status, is_active) VALUES ('715d3449-ecde-4ebc-a9ab-2db96c10c4b2', 'Luiz Felipe Cunha', '298.304.716-40', '1990-08-20', '+55 (061) 8971-6618', 'maria-claraferreira@example.com', '@enzo56', 'Fazenda de Castro, 122, Dona Clara, 51621763 Lima / MS', 'Congresso', 'cliente_klibra', true);
INSERT INTO public.customers (id, nome_completo, cpf, data_nascimento, telefone, email, instagram, endereco_completo, origem, status, is_active) VALUES ('4557a433-23ca-4d8e-b705-f3123e04dbe9', 'Camila Ribeiro', '539.602.718-59', '1976-06-19', '0800 345 4685', 'rafaela91@example.net', '@ncorreia', 'Esplanada Elisa Teixeira, 889, Glória, 30028034 Nascimento / AC', 'WhatsApp', 'lead', true);
INSERT INTO public.customers (id, nome_completo, cpf, data_nascimento, telefone, email, instagram, endereco_completo, origem, status, is_active) VALUES ('05b41924-2ae8-4fc6-af30-9a92e20a89d5', 'Nathan Silveira', '052.493.761-34', '1983-07-06', '+55 (031) 8672-2106', 'maria-claralopes@example.org', '@guilherme51', 'Feira Marcos Vinicius Rocha, 4, Vila Nova, 56828139 Fernandes das Pedras / PB', 'Congresso', 'cliente_klibra', true);
INSERT INTO public.customers (id, nome_completo, cpf, data_nascimento, telefone, email, instagram, endereco_completo, origem, status, is_active) VALUES ('d81656bb-2289-4bbe-baaf-8919ca3bee73', 'Sr. Cauê Teixeira', '734.261.509-99', '1981-05-11', '+55 (031) 3873 0277', 'piresana-clara@example.org', '@tmoreira', 'Aeroporto Clarice Nascimento, Etelvina Carneiro, 10256639 Teixeira / ES', 'Indicação', 'aluno', true);
INSERT INTO public.customers (id, nome_completo, cpf, data_nascimento, telefone, email, instagram, endereco_completo, origem, status, is_active) VALUES ('98140de7-0ea1-46fa-b4f3-06561412b40a', 'Yuri Gonçalves', '235.417.068-80', '1986-08-22', '+55 (041) 8538 5540', 'pnovaes@example.net', '@aragaoheloisa', 'Feira de da Mata, 163, Vila Trinta E Um De Março, 08569-622 Santos de Goiás / MG', 'Instagram', 'inativo', true);
INSERT INTO public.customers (id, nome_completo, cpf, data_nascimento, telefone, email, instagram, endereco_completo, origem, status, is_active) VALUES ('fdf1b702-9996-4101-b7d5-37a005f5862d', 'Gabriela Ramos', '108.923.547-04', '1997-06-30', '(081) 0404 5524', 'davida-mata@example.org', '@freitasisaac', 'Distrito da Mota, 71, Novo Tupi, 73155-380 Cunha / MG', 'WhatsApp', 'lead', true);
INSERT INTO public.customers (id, nome_completo, cpf, data_nascimento, telefone, email, instagram, endereco_completo, origem, status, is_active) VALUES ('a720e2ba-3e88-4a77-8cfd-e5d8be5edeb1', 'Bárbara Sales', '415.963.872-46', '1960-10-09', '0500 610 3954', 'maria-cecilia46@example.net', '@sophia25', 'Avenida de Rezende, 67, Lourdes, 14203-621 Azevedo de Silva / MT', 'Indicação', 'lead', true);
INSERT INTO public.customers (id, nome_completo, cpf, data_nascimento, telefone, email, instagram, endereco_completo, origem, status, is_active) VALUES ('b96e4dfc-107b-4d79-ad6d-7490d1e06834', 'Luiza Gonçalves', '412.095.738-14', '1990-02-18', '11 2606 4816', 'cpeixoto@example.com', '@duarteigor', 'Vila Mendes, 25, Eymard, 35926-891 Jesus Alegre / AC', 'WhatsApp', 'inativo', true);
INSERT INTO public.customers (id, nome_completo, cpf, data_nascimento, telefone, email, instagram, endereco_completo, origem, status, is_active) VALUES ('26683e18-afa4-4b69-b6d8-1cb33826820f', 'Nathan Dias', '174.926.308-40', '1970-01-01', '+55 (051) 3338-3710', 'ana-laura18@example.net', '@falmeida', 'Pátio Moreira, 96, Cidade Jardim, 75953924 Dias / SE', 'Indicação', 'aluno', true);

-- 2. COURSES
INSERT INTO public.courses (id, nome, descricao, permite_px3, is_active) VALUES ('29448532-7b86-4b74-8fbc-991a763663bd', 'Imersão em Odontologia Digital 3D', 'Curso avançado de Imersão em Odontologia Digital 3D com foco teórico e prático.', true, true);
INSERT INTO public.courses (id, nome, descricao, permite_px3, is_active) VALUES ('52ac2000-6604-42a3-8553-eca7a9bcee87', 'Masterclass em Prótese sobre Implante', 'Curso avançado de Masterclass em Prótese sobre Implante com foco teórico e prático.', true, true);
INSERT INTO public.courses (id, nome, descricao, permite_px3, is_active) VALUES ('277034a0-e0e8-4893-acd1-4ef82106822e', 'Workflow Digital na Ortodontia', 'Curso avançado de Workflow Digital na Ortodontia com foco teórico e prático.', false, true);
INSERT INTO public.courses (id, nome, descricao, permite_px3, is_active) VALUES ('eddbbd67-1b17-42a3-8e77-95a4465e238d', 'Escaneamento Intraoral e Planejamento', 'Curso avançado de Escaneamento Intraoral e Planejamento com foco teórico e prático.', true, true);
INSERT INTO public.courses (id, nome, descricao, permite_px3, is_active) VALUES ('7510bfe2-985d-417b-be6c-ec7b90a09dbc', 'Treinamento de Equipe: Fluxo K-Libra', 'Curso avançado de Treinamento de Equipe: Fluxo K-Libra com foco teórico e prático.', false, true);

-- 3. PRODUCTS
INSERT INTO public.products (id, nome, descricao, tipo, sku, is_active) VALUES ('e0a1869f-968a-461f-964f-f01c0d4d27d3', 'Pó para Scanner 50g', 'Produto de alta qualidade para odontologia digital.', 'consumivel', 'SKU-2093-0', true);
INSERT INTO public.products (id, nome, descricao, tipo, sku, is_active) VALUES ('a356aaee-d0d3-430a-9bf2-548aeea182cf', 'Pó para Scanner 50g', 'Produto de alta qualidade para odontologia digital.', 'consumivel', 'SKU-8031-1', true);
INSERT INTO public.products (id, nome, descricao, tipo, sku, is_active) VALUES ('1298cb5f-1131-40da-9e33-f0fc18a4a9d6', 'Pó para Scanner 50g', 'Produto de alta qualidade para odontologia digital.', 'consumivel', 'SKU-7872-2', true);
INSERT INTO public.products (id, nome, descricao, tipo, sku, is_active) VALUES ('cdb7604e-0de1-47e3-8b17-524a0b3b59d3', 'Scanner Intraoral KL-1', 'Produto de alta qualidade para odontologia digital.', 'hardware', 'SKU-2077-3', true);
INSERT INTO public.products (id, nome, descricao, tipo, sku, is_active) VALUES ('30afee52-e539-4dc0-a663-4e6df5be1bf4', 'Monitor 4K Lab', 'Produto de alta qualidade para odontologia digital.', 'hardware', 'SKU-4108-4', true);
INSERT INTO public.products (id, nome, descricao, tipo, sku, is_active) VALUES ('794c8bf5-0014-4fbd-a549-413e305c0d7a', 'Scanner Intraoral KL-1', 'Produto de alta qualidade para odontologia digital.', 'hardware', 'SKU-4338-5', true);
INSERT INTO public.products (id, nome, descricao, tipo, sku, is_active) VALUES ('5a072573-5e83-41e0-ab58-90b14a045aa0', 'Resina Model 1kg', 'Produto de alta qualidade para odontologia digital.', 'consumivel', 'SKU-3174-6', true);
INSERT INTO public.products (id, nome, descricao, tipo, sku, is_active) VALUES ('95fcd4ee-9ead-464e-8a0b-9b97c1b61195', 'Resina Model 1kg', 'Produto de alta qualidade para odontologia digital.', 'consumivel', 'SKU-3741-7', true);
INSERT INTO public.products (id, nome, descricao, tipo, sku, is_active) VALUES ('42c21579-f327-4b32-853c-36a0c592e536', 'Monitor 4K Lab', 'Produto de alta qualidade para odontologia digital.', 'hardware', 'SKU-1440-8', true);
INSERT INTO public.products (id, nome, descricao, tipo, sku, is_active) VALUES ('eb8b1593-7198-4d7a-a0e0-1ad30ac0e7df', 'Monitor 4K Lab', 'Produto de alta qualidade para odontologia digital.', 'hardware', 'SKU-1203-9', true);

-- 4. INVENTORY BALANCES
INSERT INTO public.inventory_balances (product_id, quantidade_atual) VALUES ('e0a1869f-968a-461f-964f-f01c0d4d27d3', 71);
INSERT INTO public.inventory_balances (product_id, quantidade_atual) VALUES ('a356aaee-d0d3-430a-9bf2-548aeea182cf', 27);
INSERT INTO public.inventory_balances (product_id, quantidade_atual) VALUES ('1298cb5f-1131-40da-9e33-f0fc18a4a9d6', 34);
INSERT INTO public.inventory_balances (product_id, quantidade_atual) VALUES ('cdb7604e-0de1-47e3-8b17-524a0b3b59d3', 10);
INSERT INTO public.inventory_balances (product_id, quantidade_atual) VALUES ('30afee52-e539-4dc0-a663-4e6df5be1bf4', 26);
INSERT INTO public.inventory_balances (product_id, quantidade_atual) VALUES ('794c8bf5-0014-4fbd-a549-413e305c0d7a', 74);
INSERT INTO public.inventory_balances (product_id, quantidade_atual) VALUES ('5a072573-5e83-41e0-ab58-90b14a045aa0', 61);
INSERT INTO public.inventory_balances (product_id, quantidade_atual) VALUES ('95fcd4ee-9ead-464e-8a0b-9b97c1b61195', 62);
INSERT INTO public.inventory_balances (product_id, quantidade_atual) VALUES ('42c21579-f327-4b32-853c-36a0c592e536', 38);
INSERT INTO public.inventory_balances (product_id, quantidade_atual) VALUES ('eb8b1593-7198-4d7a-a0e0-1ad30ac0e7df', 52);

-- 5. SALES
INSERT INTO public.sales (id, request_id, company_id, customer_id, sale_type, status, subtotal, desconto, valor_total, valor_pago, created_at) VALUES ('5a1899ce-4818-4cb3-b5b5-745c0e8cec29', '22dd2440-ce77-412c-bb25-18790b3313e3', 'cf2cbf59-7d43-4a9f-8f38-2e616ec140de', '26683e18-afa4-4b69-b6d8-1cb33826820f', 'service', 'paga', 3689, 299, 3390, 3390, '2026-03-07');
INSERT INTO public.sales (id, request_id, company_id, customer_id, sale_type, status, subtotal, desconto, valor_total, valor_pago, created_at) VALUES ('db0cc5fc-e9cf-4a1b-8ff3-e4a2029af1fb', 'b90eee5d-bf17-4828-8091-ccc7c31bbd66', '385e04c1-439b-44a9-a350-a8928a44431c', '8d12a8f2-617e-44a4-9729-f30ad9ef7b04', 'hardware', 'concluida', 1807, 144, 1663, 1663, '2026-02-11');
INSERT INTO public.sales (id, request_id, company_id, customer_id, sale_type, status, subtotal, desconto, valor_total, valor_pago, created_at) VALUES ('a711cae4-b538-47b4-a779-134e0535814f', 'db23bbca-49db-4509-a7b6-39bb3d1c8d1e', '385e04c1-439b-44a9-a350-a8928a44431c', '120deb77-68d0-46ed-895d-e50f33cd9422', 'course', 'parcial', 1757, 118, 1639, 640, '2026-02-21');
INSERT INTO public.sales (id, request_id, company_id, customer_id, sale_type, status, subtotal, desconto, valor_total, valor_pago, created_at) VALUES ('b893b462-9bc5-43b7-ae79-5bf4e333b891', '8d912424-0c0a-4806-a1d6-b0f403a262e8', '385e04c1-439b-44a9-a350-a8928a44431c', 'd92a046f-1991-48c5-afd3-4c0f86347715', 'course', 'cancelada', 787, 70, 717, 0, '2026-02-25');
INSERT INTO public.sales (id, request_id, company_id, customer_id, sale_type, status, subtotal, desconto, valor_total, valor_pago, created_at) VALUES ('a86a3499-a831-468d-96a2-ce677d7e2972', '64a17f3e-1c82-412d-a9cb-36576ce91589', '385e04c1-439b-44a9-a350-a8928a44431c', 'd81656bb-2289-4bbe-baaf-8919ca3bee73', 'hardware', 'paga', 4070, 204, 3866, 3866, '2026-03-22');
INSERT INTO public.sales (id, request_id, company_id, customer_id, sale_type, status, subtotal, desconto, valor_total, valor_pago, created_at) VALUES ('5bf3910c-8dd0-4eea-8da7-761eb9217d4e', '3bb02de4-1065-4354-a479-0957bb61065a', '385e04c1-439b-44a9-a350-a8928a44431c', 'd92a046f-1991-48c5-afd3-4c0f86347715', 'course', 'parcial', 1391, 13, 1378, 1157, '2026-03-02');
INSERT INTO public.sales (id, request_id, company_id, customer_id, sale_type, status, subtotal, desconto, valor_total, valor_pago, created_at) VALUES ('bb7a7673-c210-4024-b7a9-0c428aea1354', 'fa7dbaca-eb99-4f85-a373-532e747e0da9', '385e04c1-439b-44a9-a350-a8928a44431c', 'ae8d5faf-c718-46ef-92b7-b96633070f10', 'hardware', 'cancelada', 3790, 103, 3687, 0, '2026-02-11');
INSERT INTO public.sales (id, request_id, company_id, customer_id, sale_type, status, subtotal, desconto, valor_total, valor_pago, created_at) VALUES ('711d171f-f804-48ad-9e9c-56571755c005', '5a871c4f-d312-4ffd-8e57-420ebff770b5', 'cf2cbf59-7d43-4a9f-8f38-2e616ec140de', 'b96e4dfc-107b-4d79-ad6d-7490d1e06834', 'hardware', 'cancelada', 3496, 49, 3447, 0, '2026-03-20');
INSERT INTO public.sales (id, request_id, company_id, customer_id, sale_type, status, subtotal, desconto, valor_total, valor_pago, created_at) VALUES ('a08b442a-dd71-4772-9cba-b3e309967130', 'cdbe81b7-3eb7-4b2f-b9b4-ad61f74b41c9', 'cf2cbf59-7d43-4a9f-8f38-2e616ec140de', 'a0120197-82a0-4cdf-929e-23a2bcc79def', 'hardware', 'paga', 4397, 349, 4048, 4048, '2026-02-28');
INSERT INTO public.sales (id, request_id, company_id, customer_id, sale_type, status, subtotal, desconto, valor_total, valor_pago, created_at) VALUES ('e8a604ac-912c-4134-b1f6-ae2acea187cf', '626fffa4-c02d-461c-9537-83398d3c7df9', '385e04c1-439b-44a9-a350-a8928a44431c', '39e705f9-47dc-4806-b827-da33086a520f', 'course', 'parcial', 2014, 120, 1894, 987, '2026-02-05');
INSERT INTO public.sales (id, request_id, company_id, customer_id, sale_type, status, subtotal, desconto, valor_total, valor_pago, created_at) VALUES ('075819f0-0fc4-41db-80dc-124987cf505e', '832271bf-a813-4a01-aaa9-10ec5d7c40ff', 'cf2cbf59-7d43-4a9f-8f38-2e616ec140de', '3043e028-80c1-4972-8ac6-bfcf418b97a0', 'service', 'paga', 2628, 207, 2421, 2421, '2026-03-15');
INSERT INTO public.sales (id, request_id, company_id, customer_id, sale_type, status, subtotal, desconto, valor_total, valor_pago, created_at) VALUES ('6a630208-cde9-46df-afc4-8aa52fa945ac', '76b12a5b-cd4d-4254-a0fa-aa02c45fb742', '385e04c1-439b-44a9-a350-a8928a44431c', 'ae8d5faf-c718-46ef-92b7-b96633070f10', 'course', 'cancelada', 926, 89, 837, 0, '2026-03-05');
INSERT INTO public.sales (id, request_id, company_id, customer_id, sale_type, status, subtotal, desconto, valor_total, valor_pago, created_at) VALUES ('1bb5ec3a-9ed4-4a83-9e5e-7e735728506f', 'f96d68b3-1a95-46ec-bcb0-4ab911afc068', 'cf2cbf59-7d43-4a9f-8f38-2e616ec140de', 'fbd30406-54fb-4143-bc7b-88474d6bd795', 'course', 'parcial', 779, 56, 723, 596, '2026-02-18');
INSERT INTO public.sales (id, request_id, company_id, customer_id, sale_type, status, subtotal, desconto, valor_total, valor_pago, created_at) VALUES ('78868e3c-5f8f-4bb5-9d68-6e059b9306f7', 'ea441f5d-96cd-435e-b57f-5e0b76a97f00', '385e04c1-439b-44a9-a350-a8928a44431c', '37ee978f-c43f-49ae-bb74-62cc4e045afc', 'course', 'paga', 4402, 346, 4056, 4056, '2026-03-22');
INSERT INTO public.sales (id, request_id, company_id, customer_id, sale_type, status, subtotal, desconto, valor_total, valor_pago, created_at) VALUES ('18a7ce25-b265-4271-9d48-ffd8e118dd59', 'a6aaf158-46cf-4d35-86a5-93a499d8247c', '385e04c1-439b-44a9-a350-a8928a44431c', 'b0b53b1d-2571-419d-8852-788611a0b806', 'service', 'pendente', 144, 6, 138, 0, '2026-03-15');
INSERT INTO public.sales (id, request_id, company_id, customer_id, sale_type, status, subtotal, desconto, valor_total, valor_pago, created_at) VALUES ('0aa90bcf-2e6a-4828-8a30-973b15d97fb1', 'fc73b66c-7807-4a6e-8b0f-0d7e690a1b13', 'cf2cbf59-7d43-4a9f-8f38-2e616ec140de', 'a4fd343f-759b-45ee-bd75-2a71f15c7984', 'course', 'cancelada', 3983, 157, 3826, 0, '2026-02-23');
INSERT INTO public.sales (id, request_id, company_id, customer_id, sale_type, status, subtotal, desconto, valor_total, valor_pago, created_at) VALUES ('4a0f62f2-b196-4d57-be7e-4b11d6d30f63', 'dbef2d07-8f72-488d-8148-9a1afd676137', 'cf2cbf59-7d43-4a9f-8f38-2e616ec140de', 'fad14431-afe4-42a6-8756-1143f488dab8', 'course', 'pendente', 2955, 281, 2674, 0, '2026-03-10');
INSERT INTO public.sales (id, request_id, company_id, customer_id, sale_type, status, subtotal, desconto, valor_total, valor_pago, created_at) VALUES ('3a5e6045-701f-4b81-9cd2-9d7fed1d8af8', '54b57e26-f9af-4aa0-8ae0-7888816443ea', '385e04c1-439b-44a9-a350-a8928a44431c', 'fdf1b702-9996-4101-b7d5-37a005f5862d', 'course', 'pendente', 1921, 93, 1828, 0, '2026-02-17');
INSERT INTO public.sales (id, request_id, company_id, customer_id, sale_type, status, subtotal, desconto, valor_total, valor_pago, created_at) VALUES ('4880293c-641b-4989-8f1d-b98373d62870', '8818a8c5-2503-49c1-ae1e-2b577ccee4f9', 'cf2cbf59-7d43-4a9f-8f38-2e616ec140de', 'd81656bb-2289-4bbe-baaf-8919ca3bee73', 'service', 'paga', 1729, 127, 1602, 1602, '2026-02-13');
INSERT INTO public.sales (id, request_id, company_id, customer_id, sale_type, status, subtotal, desconto, valor_total, valor_pago, created_at) VALUES ('8fe1a2c4-b22b-4eaf-a98e-f09c242871f4', '6b5ac7be-3aaf-47f7-846b-efdfb8ab40d8', '385e04c1-439b-44a9-a350-a8928a44431c', '62234a05-6316-4e3a-924a-2691565d929b', 'hardware', 'concluida', 3397, 56, 3341, 3341, '2026-02-05');
INSERT INTO public.sales (id, request_id, company_id, customer_id, sale_type, status, subtotal, desconto, valor_total, valor_pago, created_at) VALUES ('3bc7f5be-4309-4b29-9da6-3f13d4fdfaf2', '6791ee51-cc66-4ffd-a711-7571e9900f14', 'cf2cbf59-7d43-4a9f-8f38-2e616ec140de', '8d12a8f2-617e-44a4-9729-f30ad9ef7b04', 'hardware', 'cancelada', 1135, 37, 1098, 0, '2026-03-09');
INSERT INTO public.sales (id, request_id, company_id, customer_id, sale_type, status, subtotal, desconto, valor_total, valor_pago, created_at) VALUES ('803c22f9-4417-407c-a6c5-07e4566932c9', 'f082db83-06ba-4946-a3d1-fcdb7dd1f34f', '385e04c1-439b-44a9-a350-a8928a44431c', '715d3449-ecde-4ebc-a9ab-2db96c10c4b2', 'service', 'cancelada', 3855, 175, 3680, 0, '2026-03-22');
INSERT INTO public.sales (id, request_id, company_id, customer_id, sale_type, status, subtotal, desconto, valor_total, valor_pago, created_at) VALUES ('9e7d6882-6c47-4eb9-9887-707128fec032', '242a4285-1ada-41e6-9a71-f032a10cb000', '385e04c1-439b-44a9-a350-a8928a44431c', 'bd06616f-e7ff-4192-b31f-a88c8e037c84', 'hardware', 'cancelada', 3748, 134, 3614, 0, '2026-02-16');
INSERT INTO public.sales (id, request_id, company_id, customer_id, sale_type, status, subtotal, desconto, valor_total, valor_pago, created_at) VALUES ('0c94f16a-283b-4a00-a34c-266d87d4ec9c', '5e179878-d61e-4e8c-b361-6de1889719c3', 'cf2cbf59-7d43-4a9f-8f38-2e616ec140de', '92e3de73-2d08-4478-b29f-8f1d59aa1a5e', 'service', 'parcial', 3387, 281, 3106, 1864, '2026-03-30');
INSERT INTO public.sales (id, request_id, company_id, customer_id, sale_type, status, subtotal, desconto, valor_total, valor_pago, created_at) VALUES ('adb5bf62-4e3d-44ae-94a7-5ade6217a6ff', '093b462f-b147-4033-b4fd-fca3455fabba', 'cf2cbf59-7d43-4a9f-8f38-2e616ec140de', 'd1b890e1-fab4-40b5-a63f-6294177a51a9', 'hardware', 'concluida', 3775, 110, 3665, 3665, '2026-02-23');
INSERT INTO public.sales (id, request_id, company_id, customer_id, sale_type, status, subtotal, desconto, valor_total, valor_pago, created_at) VALUES ('56f1f474-8512-4030-b10f-31f747927742', 'c218e8b5-baca-4efe-9441-8a8b0af9806a', '385e04c1-439b-44a9-a350-a8928a44431c', '43a97dbc-a131-40fe-a04a-30659c7cf285', 'hardware', 'parcial', 4222, 147, 4075, 3143, '2026-02-03');
INSERT INTO public.sales (id, request_id, company_id, customer_id, sale_type, status, subtotal, desconto, valor_total, valor_pago, created_at) VALUES ('c2b28ea4-d054-4ebd-bdd4-7955b9507a00', 'd2bc019f-5675-49d6-bb27-ded23f90c90c', 'cf2cbf59-7d43-4a9f-8f38-2e616ec140de', 'b3bab892-f436-4698-aaf9-5c2b9bf0cbc9', 'service', 'paga', 2359, 203, 2156, 2156, '2026-03-05');
INSERT INTO public.sales (id, request_id, company_id, customer_id, sale_type, status, subtotal, desconto, valor_total, valor_pago, created_at) VALUES ('a2ba8f04-6890-4c1b-b0ed-d71440110299', 'c2f17475-6907-49ec-9977-638263b09673', '385e04c1-439b-44a9-a350-a8928a44431c', '317fb309-76d7-475c-84f3-a0d46aca395d', 'hardware', 'parcial', 1252, 25, 1227, 405, '2026-02-11');
INSERT INTO public.sales (id, request_id, company_id, customer_id, sale_type, status, subtotal, desconto, valor_total, valor_pago, created_at) VALUES ('386d94c5-e5f9-419f-b996-a9cd561c37b5', '8b4785b2-a950-4f26-821b-2e43f616003f', 'cf2cbf59-7d43-4a9f-8f38-2e616ec140de', 'b0b53b1d-2571-419d-8852-788611a0b806', 'hardware', 'paga', 1334, 101, 1233, 1233, '2026-03-14');
INSERT INTO public.sales (id, request_id, company_id, customer_id, sale_type, status, subtotal, desconto, valor_total, valor_pago, created_at) VALUES ('2f07e789-1532-4b60-a097-67d518012574', '48c92cd6-18f1-4eba-868d-8408df57c335', 'cf2cbf59-7d43-4a9f-8f38-2e616ec140de', '92e3de73-2d08-4478-b29f-8f1d59aa1a5e', 'hardware', 'concluida', 2996, 259, 2737, 2737, '2026-02-22');

-- 6. SALE ITEMS
INSERT INTO public.sale_items (id, sale_id, product_id, course_id, item_type, descricao, quantidade, valor_unitario, valor_total) VALUES ('8ba017c2-52bf-4bf1-bddb-48301544bebc', '5a1899ce-4818-4cb3-b5b5-745c0e8cec29', 'e0a1869f-968a-461f-964f-f01c0d4d27d3', NULL, 'product', 'Item da venda', 4, 1261, 5044);
INSERT INTO public.sale_items (id, sale_id, product_id, course_id, item_type, descricao, quantidade, valor_unitario, valor_total) VALUES ('30c4cf7f-1f6e-479f-af50-902539623af0', '5a1899ce-4818-4cb3-b5b5-745c0e8cec29', '5a072573-5e83-41e0-ab58-90b14a045aa0', NULL, 'product', 'Item da venda', 4, 712, 2848);
INSERT INTO public.sale_items (id, sale_id, product_id, course_id, item_type, descricao, quantidade, valor_unitario, valor_total) VALUES ('bddb185a-f6d5-4563-9d3f-014e66cd5a1a', 'db0cc5fc-e9cf-4a1b-8ff3-e4a2029af1fb', NULL, '277034a0-e0e8-4893-acd1-4ef82106822e', 'course', 'Item da venda', 4, 1113, 4452);
INSERT INTO public.sale_items (id, sale_id, product_id, course_id, item_type, descricao, quantidade, valor_unitario, valor_total) VALUES ('6c8fb7a1-188e-495d-937f-a52191b01a5b', 'db0cc5fc-e9cf-4a1b-8ff3-e4a2029af1fb', NULL, '52ac2000-6604-42a3-8553-eca7a9bcee87', 'course', 'Item da venda', 3, 118, 354);
INSERT INTO public.sale_items (id, sale_id, product_id, course_id, item_type, descricao, quantidade, valor_unitario, valor_total) VALUES ('7b803808-0375-406c-b6f5-ecd4f48c7705', 'a711cae4-b538-47b4-a779-134e0535814f', NULL, '7510bfe2-985d-417b-be6c-ec7b90a09dbc', 'course', 'Item da venda', 4, 1031, 4124);
INSERT INTO public.sale_items (id, sale_id, product_id, course_id, item_type, descricao, quantidade, valor_unitario, valor_total) VALUES ('0d7120dd-45d6-45e4-9dfa-d2578ddff644', 'b893b462-9bc5-43b7-ae79-5bf4e333b891', NULL, '52ac2000-6604-42a3-8553-eca7a9bcee87', 'course', 'Item da venda', 5, 291, 1455);
INSERT INTO public.sale_items (id, sale_id, product_id, course_id, item_type, descricao, quantidade, valor_unitario, valor_total) VALUES ('381a3b9e-76bd-4609-abda-2717fb24634a', 'b893b462-9bc5-43b7-ae79-5bf4e333b891', NULL, 'eddbbd67-1b17-42a3-8e77-95a4465e238d', 'course', 'Item da venda', 2, 128, 256);
INSERT INTO public.sale_items (id, sale_id, product_id, course_id, item_type, descricao, quantidade, valor_unitario, valor_total) VALUES ('30706740-6b22-40d9-bb35-41e4cc8109d9', 'b893b462-9bc5-43b7-ae79-5bf4e333b891', '5a072573-5e83-41e0-ab58-90b14a045aa0', NULL, 'product', 'Item da venda', 4, 456, 1824);
INSERT INTO public.sale_items (id, sale_id, product_id, course_id, item_type, descricao, quantidade, valor_unitario, valor_total) VALUES ('7bc14d44-f476-4994-bd3a-a87ead49437c', 'a86a3499-a831-468d-96a2-ce677d7e2972', NULL, '29448532-7b86-4b74-8fbc-991a763663bd', 'course', 'Item da venda', 3, 1081, 3243);
INSERT INTO public.sale_items (id, sale_id, product_id, course_id, item_type, descricao, quantidade, valor_unitario, valor_total) VALUES ('7065093f-d1d1-4da0-bf86-ba02b9299548', 'a86a3499-a831-468d-96a2-ce677d7e2972', '794c8bf5-0014-4fbd-a549-413e305c0d7a', NULL, 'product', 'Item da venda', 3, 1781, 5343);
INSERT INTO public.sale_items (id, sale_id, product_id, course_id, item_type, descricao, quantidade, valor_unitario, valor_total) VALUES ('a81a3b83-0bc7-40a4-9dc0-71545b6235e8', 'a86a3499-a831-468d-96a2-ce677d7e2972', 'e0a1869f-968a-461f-964f-f01c0d4d27d3', NULL, 'product', 'Item da venda', 5, 1033, 5165);
INSERT INTO public.sale_items (id, sale_id, product_id, course_id, item_type, descricao, quantidade, valor_unitario, valor_total) VALUES ('45d4b66e-bd21-46bf-a5b5-79c0bf9c7488', '5bf3910c-8dd0-4eea-8da7-761eb9217d4e', NULL, '29448532-7b86-4b74-8fbc-991a763663bd', 'course', 'Item da venda', 4, 1768, 7072);
INSERT INTO public.sale_items (id, sale_id, product_id, course_id, item_type, descricao, quantidade, valor_unitario, valor_total) VALUES ('40425f28-d33d-4f3f-aa45-b38578684c3c', 'bb7a7673-c210-4024-b7a9-0c428aea1354', NULL, '277034a0-e0e8-4893-acd1-4ef82106822e', 'course', 'Item da venda', 5, 309, 1545);
INSERT INTO public.sale_items (id, sale_id, product_id, course_id, item_type, descricao, quantidade, valor_unitario, valor_total) VALUES ('ef9ad034-ecfd-44aa-8e1d-428ec557b98c', 'bb7a7673-c210-4024-b7a9-0c428aea1354', NULL, 'eddbbd67-1b17-42a3-8e77-95a4465e238d', 'course', 'Item da venda', 4, 536, 2144);
INSERT INTO public.sale_items (id, sale_id, product_id, course_id, item_type, descricao, quantidade, valor_unitario, valor_total) VALUES ('e56d35d7-e7b8-47a2-a809-629cb286b096', '711d171f-f804-48ad-9e9c-56571755c005', '794c8bf5-0014-4fbd-a549-413e305c0d7a', NULL, 'product', 'Item da venda', 4, 1756, 7024);
INSERT INTO public.sale_items (id, sale_id, product_id, course_id, item_type, descricao, quantidade, valor_unitario, valor_total) VALUES ('d86e7cbb-d581-43fc-86ed-d8ad77956f9f', 'a08b442a-dd71-4772-9cba-b3e309967130', NULL, '52ac2000-6604-42a3-8553-eca7a9bcee87', 'course', 'Item da venda', 1, 990, 990);
INSERT INTO public.sale_items (id, sale_id, product_id, course_id, item_type, descricao, quantidade, valor_unitario, valor_total) VALUES ('70e6616f-5c0d-4b20-987e-6934ed981a80', 'a08b442a-dd71-4772-9cba-b3e309967130', 'a356aaee-d0d3-430a-9bf2-548aeea182cf', NULL, 'product', 'Item da venda', 2, 1213, 2426);
INSERT INTO public.sale_items (id, sale_id, product_id, course_id, item_type, descricao, quantidade, valor_unitario, valor_total) VALUES ('62945be0-63c5-40f7-82cf-de05b4bbc9f7', 'e8a604ac-912c-4134-b1f6-ae2acea187cf', NULL, 'eddbbd67-1b17-42a3-8e77-95a4465e238d', 'course', 'Item da venda', 2, 1037, 2074);
INSERT INTO public.sale_items (id, sale_id, product_id, course_id, item_type, descricao, quantidade, valor_unitario, valor_total) VALUES ('cf6f71b6-eb6b-4cb1-8dd3-83c5df27abbd', 'e8a604ac-912c-4134-b1f6-ae2acea187cf', '30afee52-e539-4dc0-a663-4e6df5be1bf4', NULL, 'product', 'Item da venda', 5, 1582, 7910);
INSERT INTO public.sale_items (id, sale_id, product_id, course_id, item_type, descricao, quantidade, valor_unitario, valor_total) VALUES ('371b827a-8793-46ad-95ab-50e3b5a42263', 'e8a604ac-912c-4134-b1f6-ae2acea187cf', NULL, '7510bfe2-985d-417b-be6c-ec7b90a09dbc', 'course', 'Item da venda', 4, 442, 1768);
INSERT INTO public.sale_items (id, sale_id, product_id, course_id, item_type, descricao, quantidade, valor_unitario, valor_total) VALUES ('ecd574c1-32d0-423c-9319-88c1882a32e6', '075819f0-0fc4-41db-80dc-124987cf505e', NULL, '277034a0-e0e8-4893-acd1-4ef82106822e', 'course', 'Item da venda', 1, 92, 92);
INSERT INTO public.sale_items (id, sale_id, product_id, course_id, item_type, descricao, quantidade, valor_unitario, valor_total) VALUES ('993a36c5-05fb-49ab-922e-3b4856115161', '075819f0-0fc4-41db-80dc-124987cf505e', NULL, 'eddbbd67-1b17-42a3-8e77-95a4465e238d', 'course', 'Item da venda', 4, 556, 2224);
INSERT INTO public.sale_items (id, sale_id, product_id, course_id, item_type, descricao, quantidade, valor_unitario, valor_total) VALUES ('9e41b338-354c-4305-a0d5-7d24718f83af', '075819f0-0fc4-41db-80dc-124987cf505e', NULL, 'eddbbd67-1b17-42a3-8e77-95a4465e238d', 'course', 'Item da venda', 2, 1114, 2228);
INSERT INTO public.sale_items (id, sale_id, product_id, course_id, item_type, descricao, quantidade, valor_unitario, valor_total) VALUES ('402b7bc3-d563-41c4-9ac6-976912eb09d8', '6a630208-cde9-46df-afc4-8aa52fa945ac', '30afee52-e539-4dc0-a663-4e6df5be1bf4', NULL, 'product', 'Item da venda', 3, 826, 2478);
INSERT INTO public.sale_items (id, sale_id, product_id, course_id, item_type, descricao, quantidade, valor_unitario, valor_total) VALUES ('4c9af77b-6566-4b2f-aea3-7c673bda7de5', '1bb5ec3a-9ed4-4a83-9e5e-7e735728506f', '30afee52-e539-4dc0-a663-4e6df5be1bf4', NULL, 'product', 'Item da venda', 5, 1990, 9950);
INSERT INTO public.sale_items (id, sale_id, product_id, course_id, item_type, descricao, quantidade, valor_unitario, valor_total) VALUES ('0877733f-573f-4285-a1fb-54827a983e5b', '1bb5ec3a-9ed4-4a83-9e5e-7e735728506f', 'cdb7604e-0de1-47e3-8b17-524a0b3b59d3', NULL, 'product', 'Item da venda', 4, 846, 3384);
INSERT INTO public.sale_items (id, sale_id, product_id, course_id, item_type, descricao, quantidade, valor_unitario, valor_total) VALUES ('7b16b06b-1be2-4622-a494-30d90dc083d1', '1bb5ec3a-9ed4-4a83-9e5e-7e735728506f', 'eb8b1593-7198-4d7a-a0e0-1ad30ac0e7df', NULL, 'product', 'Item da venda', 5, 1062, 5310);
INSERT INTO public.sale_items (id, sale_id, product_id, course_id, item_type, descricao, quantidade, valor_unitario, valor_total) VALUES ('9bdeab65-930d-4bed-9f32-387582ae9fa3', '78868e3c-5f8f-4bb5-9d68-6e059b9306f7', NULL, '52ac2000-6604-42a3-8553-eca7a9bcee87', 'course', 'Item da venda', 1, 82, 82);
INSERT INTO public.sale_items (id, sale_id, product_id, course_id, item_type, descricao, quantidade, valor_unitario, valor_total) VALUES ('57b13697-1779-41ab-a6e4-49365a7c8757', '78868e3c-5f8f-4bb5-9d68-6e059b9306f7', NULL, '52ac2000-6604-42a3-8553-eca7a9bcee87', 'course', 'Item da venda', 5, 673, 3365);
INSERT INTO public.sale_items (id, sale_id, product_id, course_id, item_type, descricao, quantidade, valor_unitario, valor_total) VALUES ('686cfa29-b818-4608-a18c-cef205a77add', '78868e3c-5f8f-4bb5-9d68-6e059b9306f7', NULL, '52ac2000-6604-42a3-8553-eca7a9bcee87', 'course', 'Item da venda', 1, 1919, 1919);
INSERT INTO public.sale_items (id, sale_id, product_id, course_id, item_type, descricao, quantidade, valor_unitario, valor_total) VALUES ('8f7f3936-a72f-4c87-b0cd-92b4bdd7b048', '18a7ce25-b265-4271-9d48-ffd8e118dd59', NULL, '52ac2000-6604-42a3-8553-eca7a9bcee87', 'course', 'Item da venda', 5, 716, 3580);
INSERT INTO public.sale_items (id, sale_id, product_id, course_id, item_type, descricao, quantidade, valor_unitario, valor_total) VALUES ('32479bbd-77b9-4374-8a2e-d8020f227d6b', '18a7ce25-b265-4271-9d48-ffd8e118dd59', NULL, 'eddbbd67-1b17-42a3-8e77-95a4465e238d', 'course', 'Item da venda', 1, 1317, 1317);
INSERT INTO public.sale_items (id, sale_id, product_id, course_id, item_type, descricao, quantidade, valor_unitario, valor_total) VALUES ('6d3642a6-7700-4d03-b9b9-fc0c69210296', '0aa90bcf-2e6a-4828-8a30-973b15d97fb1', NULL, '277034a0-e0e8-4893-acd1-4ef82106822e', 'course', 'Item da venda', 1, 232, 232);
INSERT INTO public.sale_items (id, sale_id, product_id, course_id, item_type, descricao, quantidade, valor_unitario, valor_total) VALUES ('70499480-9315-42a5-90f0-d0e9b3f7a1fe', '4a0f62f2-b196-4d57-be7e-4b11d6d30f63', '5a072573-5e83-41e0-ab58-90b14a045aa0', NULL, 'product', 'Item da venda', 2, 1277, 2554);
INSERT INTO public.sale_items (id, sale_id, product_id, course_id, item_type, descricao, quantidade, valor_unitario, valor_total) VALUES ('86291e3d-efd7-402b-99b0-8456c03fc193', '3a5e6045-701f-4b81-9cd2-9d7fed1d8af8', NULL, '52ac2000-6604-42a3-8553-eca7a9bcee87', 'course', 'Item da venda', 5, 1565, 7825);
INSERT INTO public.sale_items (id, sale_id, product_id, course_id, item_type, descricao, quantidade, valor_unitario, valor_total) VALUES ('f2185f9f-c88b-4e97-987f-0a9e50a92100', '3a5e6045-701f-4b81-9cd2-9d7fed1d8af8', '42c21579-f327-4b32-853c-36a0c592e536', NULL, 'product', 'Item da venda', 1, 1131, 1131);
INSERT INTO public.sale_items (id, sale_id, product_id, course_id, item_type, descricao, quantidade, valor_unitario, valor_total) VALUES ('8075ef41-1023-48a1-bce1-7c5ea36513ca', '4880293c-641b-4989-8f1d-b98373d62870', '95fcd4ee-9ead-464e-8a0b-9b97c1b61195', NULL, 'product', 'Item da venda', 3, 1670, 5010);
INSERT INTO public.sale_items (id, sale_id, product_id, course_id, item_type, descricao, quantidade, valor_unitario, valor_total) VALUES ('4eb1ce51-3826-47a2-8b14-4bd8a32e8536', '4880293c-641b-4989-8f1d-b98373d62870', NULL, '277034a0-e0e8-4893-acd1-4ef82106822e', 'course', 'Item da venda', 5, 797, 3985);
INSERT INTO public.sale_items (id, sale_id, product_id, course_id, item_type, descricao, quantidade, valor_unitario, valor_total) VALUES ('c8b82917-1ba7-469c-b4c4-e771f1ea3ff5', '4880293c-641b-4989-8f1d-b98373d62870', NULL, '52ac2000-6604-42a3-8553-eca7a9bcee87', 'course', 'Item da venda', 1, 1636, 1636);
INSERT INTO public.sale_items (id, sale_id, product_id, course_id, item_type, descricao, quantidade, valor_unitario, valor_total) VALUES ('93068649-594b-488c-8dea-1746c2e19b75', '8fe1a2c4-b22b-4eaf-a98e-f09c242871f4', 'eb8b1593-7198-4d7a-a0e0-1ad30ac0e7df', NULL, 'product', 'Item da venda', 4, 524, 2096);
INSERT INTO public.sale_items (id, sale_id, product_id, course_id, item_type, descricao, quantidade, valor_unitario, valor_total) VALUES ('1eab2612-a92d-4fe9-8d76-956b73257093', '3bc7f5be-4309-4b29-9da6-3f13d4fdfaf2', '5a072573-5e83-41e0-ab58-90b14a045aa0', NULL, 'product', 'Item da venda', 5, 457, 2285);
INSERT INTO public.sale_items (id, sale_id, product_id, course_id, item_type, descricao, quantidade, valor_unitario, valor_total) VALUES ('def0524b-9485-4dde-8ce3-544d279d7567', '803c22f9-4417-407c-a6c5-07e4566932c9', NULL, '29448532-7b86-4b74-8fbc-991a763663bd', 'course', 'Item da venda', 1, 1474, 1474);
INSERT INTO public.sale_items (id, sale_id, product_id, course_id, item_type, descricao, quantidade, valor_unitario, valor_total) VALUES ('995dd59b-a5e4-4b78-9031-f5a4e2ef97b5', '803c22f9-4417-407c-a6c5-07e4566932c9', '5a072573-5e83-41e0-ab58-90b14a045aa0', NULL, 'product', 'Item da venda', 3, 1249, 3747);
INSERT INTO public.sale_items (id, sale_id, product_id, course_id, item_type, descricao, quantidade, valor_unitario, valor_total) VALUES ('6ec6c50f-a95b-42ba-9f56-81d9a437e2e2', '9e7d6882-6c47-4eb9-9887-707128fec032', '5a072573-5e83-41e0-ab58-90b14a045aa0', NULL, 'product', 'Item da venda', 2, 1083, 2166);
INSERT INTO public.sale_items (id, sale_id, product_id, course_id, item_type, descricao, quantidade, valor_unitario, valor_total) VALUES ('1de6a897-cc0d-4063-94fc-ae2d2830922a', '9e7d6882-6c47-4eb9-9887-707128fec032', NULL, '52ac2000-6604-42a3-8553-eca7a9bcee87', 'course', 'Item da venda', 3, 1513, 4539);
INSERT INTO public.sale_items (id, sale_id, product_id, course_id, item_type, descricao, quantidade, valor_unitario, valor_total) VALUES ('f3fddbdb-6ed6-454a-87f4-b0af2c4adee1', '9e7d6882-6c47-4eb9-9887-707128fec032', NULL, '29448532-7b86-4b74-8fbc-991a763663bd', 'course', 'Item da venda', 3, 1870, 5610);
INSERT INTO public.sale_items (id, sale_id, product_id, course_id, item_type, descricao, quantidade, valor_unitario, valor_total) VALUES ('aa2769b7-d588-4f69-a191-27678a86b5f4', '0c94f16a-283b-4a00-a34c-266d87d4ec9c', 'a356aaee-d0d3-430a-9bf2-548aeea182cf', NULL, 'product', 'Item da venda', 4, 578, 2312);
INSERT INTO public.sale_items (id, sale_id, product_id, course_id, item_type, descricao, quantidade, valor_unitario, valor_total) VALUES ('86755b89-3027-4e62-864c-d74a8f4beb66', '0c94f16a-283b-4a00-a34c-266d87d4ec9c', NULL, '52ac2000-6604-42a3-8553-eca7a9bcee87', 'course', 'Item da venda', 1, 379, 379);
INSERT INTO public.sale_items (id, sale_id, product_id, course_id, item_type, descricao, quantidade, valor_unitario, valor_total) VALUES ('aaffd78c-63e7-4da8-b2eb-fa77945f4155', 'adb5bf62-4e3d-44ae-94a7-5ade6217a6ff', '794c8bf5-0014-4fbd-a549-413e305c0d7a', NULL, 'product', 'Item da venda', 1, 585, 585);
INSERT INTO public.sale_items (id, sale_id, product_id, course_id, item_type, descricao, quantidade, valor_unitario, valor_total) VALUES ('09b72c58-0bb3-4f6d-ac90-5cf2a57f46c0', 'adb5bf62-4e3d-44ae-94a7-5ade6217a6ff', '30afee52-e539-4dc0-a663-4e6df5be1bf4', NULL, 'product', 'Item da venda', 3, 1180, 3540);
INSERT INTO public.sale_items (id, sale_id, product_id, course_id, item_type, descricao, quantidade, valor_unitario, valor_total) VALUES ('66c796ff-fb31-477e-acd4-771269b50d30', 'adb5bf62-4e3d-44ae-94a7-5ade6217a6ff', '1298cb5f-1131-40da-9e33-f0fc18a4a9d6', NULL, 'product', 'Item da venda', 5, 78, 390);
INSERT INTO public.sale_items (id, sale_id, product_id, course_id, item_type, descricao, quantidade, valor_unitario, valor_total) VALUES ('e0a0de47-8558-4947-bfa1-8c09c5ad4a87', '56f1f474-8512-4030-b10f-31f747927742', NULL, '7510bfe2-985d-417b-be6c-ec7b90a09dbc', 'course', 'Item da venda', 1, 1788, 1788);
INSERT INTO public.sale_items (id, sale_id, product_id, course_id, item_type, descricao, quantidade, valor_unitario, valor_total) VALUES ('5f8945be-6919-4ae3-9066-a5fa9f846cec', '56f1f474-8512-4030-b10f-31f747927742', '794c8bf5-0014-4fbd-a549-413e305c0d7a', NULL, 'product', 'Item da venda', 1, 982, 982);
INSERT INTO public.sale_items (id, sale_id, product_id, course_id, item_type, descricao, quantidade, valor_unitario, valor_total) VALUES ('a7d4dabb-2bfc-419e-83e8-ce209aab1a6b', '56f1f474-8512-4030-b10f-31f747927742', 'eb8b1593-7198-4d7a-a0e0-1ad30ac0e7df', NULL, 'product', 'Item da venda', 1, 211, 211);
INSERT INTO public.sale_items (id, sale_id, product_id, course_id, item_type, descricao, quantidade, valor_unitario, valor_total) VALUES ('a4fca2f5-044c-479c-82fa-e3eb08913615', 'c2b28ea4-d054-4ebd-bdd4-7955b9507a00', 'a356aaee-d0d3-430a-9bf2-548aeea182cf', NULL, 'product', 'Item da venda', 5, 1712, 8560);
INSERT INTO public.sale_items (id, sale_id, product_id, course_id, item_type, descricao, quantidade, valor_unitario, valor_total) VALUES ('0cd9cc5e-2169-450d-8f7b-c65e7589b980', 'c2b28ea4-d054-4ebd-bdd4-7955b9507a00', NULL, '52ac2000-6604-42a3-8553-eca7a9bcee87', 'course', 'Item da venda', 1, 166, 166);
INSERT INTO public.sale_items (id, sale_id, product_id, course_id, item_type, descricao, quantidade, valor_unitario, valor_total) VALUES ('68f7f1d4-049b-4321-85df-548f3c16f7d1', 'a2ba8f04-6890-4c1b-b0ed-d71440110299', 'e0a1869f-968a-461f-964f-f01c0d4d27d3', NULL, 'product', 'Item da venda', 2, 727, 1454);
INSERT INTO public.sale_items (id, sale_id, product_id, course_id, item_type, descricao, quantidade, valor_unitario, valor_total) VALUES ('5ef60b79-f888-4c85-add8-fd31641d19dc', 'a2ba8f04-6890-4c1b-b0ed-d71440110299', '30afee52-e539-4dc0-a663-4e6df5be1bf4', NULL, 'product', 'Item da venda', 2, 1955, 3910);
INSERT INTO public.sale_items (id, sale_id, product_id, course_id, item_type, descricao, quantidade, valor_unitario, valor_total) VALUES ('af69f375-8c18-487d-a3e0-393fc35a2b66', 'a2ba8f04-6890-4c1b-b0ed-d71440110299', NULL, '29448532-7b86-4b74-8fbc-991a763663bd', 'course', 'Item da venda', 4, 1993, 7972);
INSERT INTO public.sale_items (id, sale_id, product_id, course_id, item_type, descricao, quantidade, valor_unitario, valor_total) VALUES ('95e59254-05be-4ac5-b10c-31288fb0450d', '386d94c5-e5f9-419f-b996-a9cd561c37b5', NULL, '29448532-7b86-4b74-8fbc-991a763663bd', 'course', 'Item da venda', 1, 707, 707);
INSERT INTO public.sale_items (id, sale_id, product_id, course_id, item_type, descricao, quantidade, valor_unitario, valor_total) VALUES ('4a159cb4-fc8b-4d61-8801-74ad91df88c9', '386d94c5-e5f9-419f-b996-a9cd561c37b5', NULL, '29448532-7b86-4b74-8fbc-991a763663bd', 'course', 'Item da venda', 4, 1901, 7604);
INSERT INTO public.sale_items (id, sale_id, product_id, course_id, item_type, descricao, quantidade, valor_unitario, valor_total) VALUES ('fd9c80a9-294b-450f-8997-6fa10056c1cb', '2f07e789-1532-4b60-a097-67d518012574', '1298cb5f-1131-40da-9e33-f0fc18a4a9d6', NULL, 'product', 'Item da venda', 3, 628, 1884);
INSERT INTO public.sale_items (id, sale_id, product_id, course_id, item_type, descricao, quantidade, valor_unitario, valor_total) VALUES ('e776127f-6e89-42cf-8682-cc2425fe1021', '2f07e789-1532-4b60-a097-67d518012574', '42c21579-f327-4b32-853c-36a0c592e536', NULL, 'product', 'Item da venda', 4, 1750, 7000);
INSERT INTO public.sale_items (id, sale_id, product_id, course_id, item_type, descricao, quantidade, valor_unitario, valor_total) VALUES ('c1c64339-e1e0-4daa-803e-06a7f850d2f0', '2f07e789-1532-4b60-a097-67d518012574', NULL, '7510bfe2-985d-417b-be6c-ec7b90a09dbc', 'course', 'Item da venda', 3, 1306, 3918);

-- 7. PAYMENTS
INSERT INTO public.payments (id, sale_id, customer_id, forma_pagamento, parcela_numero, total_parcelas, valor, data_vencimento, status) VALUES ('a32f5fdb-089f-49fb-9084-56299a2d67ea', '5a1899ce-4818-4cb3-b5b5-745c0e8cec29', 'b0b53b1d-2571-419d-8852-788611a0b806', 'Cartão de Crédito', 1, 1, 3870, '2026-03-25', 'pendente');
INSERT INTO public.payments (id, sale_id, customer_id, forma_pagamento, parcela_numero, total_parcelas, valor, data_vencimento, status) VALUES ('cae65552-feb4-4055-9a8b-1d1cc11bac43', 'db0cc5fc-e9cf-4a1b-8ff3-e4a2029af1fb', '5acf328b-d7db-4639-8583-85fd7c673a46', 'Boleto', 1, 1, 3895, '2026-02-17', 'pago');
INSERT INTO public.payments (id, sale_id, customer_id, forma_pagamento, parcela_numero, total_parcelas, valor, data_vencimento, status) VALUES ('7bdb69e1-91cd-454d-a242-16ad18a36650', 'a711cae4-b538-47b4-a779-134e0535814f', 'a720e2ba-3e88-4a77-8cfd-e5d8be5edeb1', 'Cartão de Crédito', 1, 1, 2514, '2026-03-31', 'pago');
INSERT INTO public.payments (id, sale_id, customer_id, forma_pagamento, parcela_numero, total_parcelas, valor, data_vencimento, status) VALUES ('84a75e53-3710-4c27-bae1-210102eb8413', 'b893b462-9bc5-43b7-ae79-5bf4e333b891', '8b9892e9-be18-408a-a48c-169f14447c9b', 'Cartão de Crédito', 1, 1, 2958, '2026-03-06', 'vencido');
INSERT INTO public.payments (id, sale_id, customer_id, forma_pagamento, parcela_numero, total_parcelas, valor, data_vencimento, status) VALUES ('d5ef122e-a08e-466c-ab68-3314bf8e595c', 'a86a3499-a831-468d-96a2-ce677d7e2972', 'a720e2ba-3e88-4a77-8cfd-e5d8be5edeb1', 'Boleto', 1, 1, 2962, '2026-02-10', 'vencido');
INSERT INTO public.payments (id, sale_id, customer_id, forma_pagamento, parcela_numero, total_parcelas, valor, data_vencimento, status) VALUES ('d88aeb76-f177-422c-99b8-ec7a40a08676', '5bf3910c-8dd0-4eea-8da7-761eb9217d4e', '317fb309-76d7-475c-84f3-a0d46aca395d', 'Dinheiro', 1, 1, 157, '2026-03-21', 'pendente');
INSERT INTO public.payments (id, sale_id, customer_id, forma_pagamento, parcela_numero, total_parcelas, valor, data_vencimento, status) VALUES ('deeb5d89-db7d-4b29-a849-ff4b4fcf62c9', 'bb7a7673-c210-4024-b7a9-0c428aea1354', 'd3caf1c6-bec4-4176-90c8-d115134f9e2c', 'Dinheiro', 1, 1, 2927, '2026-03-22', 'pago');
INSERT INTO public.payments (id, sale_id, customer_id, forma_pagamento, parcela_numero, total_parcelas, valor, data_vencimento, status) VALUES ('38771641-181a-42df-b55f-a06370bb337f', '711d171f-f804-48ad-9e9c-56571755c005', '05b41924-2ae8-4fc6-af30-9a92e20a89d5', 'Pix', 1, 1, 3383, '2026-03-06', 'pago');
INSERT INTO public.payments (id, sale_id, customer_id, forma_pagamento, parcela_numero, total_parcelas, valor, data_vencimento, status) VALUES ('24e910f8-d3f6-45d8-9209-8f272a509e24', 'a08b442a-dd71-4772-9cba-b3e309967130', '05b41924-2ae8-4fc6-af30-9a92e20a89d5', 'Boleto', 1, 1, 2617, '2026-02-24', 'pago');
INSERT INTO public.payments (id, sale_id, customer_id, forma_pagamento, parcela_numero, total_parcelas, valor, data_vencimento, status) VALUES ('c8d069e6-aabf-484e-a746-053cd5e66999', 'e8a604ac-912c-4134-b1f6-ae2acea187cf', '6f62c32e-8af0-4689-b3d9-94d7e58bbcc8', 'Dinheiro', 1, 1, 1045, '2026-01-17', 'vencido');
INSERT INTO public.payments (id, sale_id, customer_id, forma_pagamento, parcela_numero, total_parcelas, valor, data_vencimento, status) VALUES ('87650e52-490c-43e8-b1a5-b61533c7978b', '075819f0-0fc4-41db-80dc-124987cf505e', 'fbd30406-54fb-4143-bc7b-88474d6bd795', 'Cartão de Crédito', 1, 1, 1007, '2026-02-17', 'pendente');
INSERT INTO public.payments (id, sale_id, customer_id, forma_pagamento, parcela_numero, total_parcelas, valor, data_vencimento, status) VALUES ('09111282-00dd-4ffb-a1fd-91520b8480a8', '6a630208-cde9-46df-afc4-8aa52fa945ac', 'fe3bdeda-547e-425c-8ed8-927e8760b270', 'Cartão de Crédito', 1, 1, 1955, '2026-01-01', 'cancelado');
INSERT INTO public.payments (id, sale_id, customer_id, forma_pagamento, parcela_numero, total_parcelas, valor, data_vencimento, status) VALUES ('acd26a55-a760-447f-9818-73ce22d62cc7', '1bb5ec3a-9ed4-4a83-9e5e-7e735728506f', '5abd0025-2646-4504-aba3-06a94d627a7e', 'Dinheiro', 1, 1, 3576, '2026-02-15', 'vencido');
INSERT INTO public.payments (id, sale_id, customer_id, forma_pagamento, parcela_numero, total_parcelas, valor, data_vencimento, status) VALUES ('1e4900b1-1c4c-46e4-9377-622a21af392a', '78868e3c-5f8f-4bb5-9d68-6e059b9306f7', '68d3bef4-f975-497b-8a18-f7e3a2202f9d', 'Cartão de Crédito', 1, 1, 980, '2026-01-16', 'vencido');
INSERT INTO public.payments (id, sale_id, customer_id, forma_pagamento, parcela_numero, total_parcelas, valor, data_vencimento, status) VALUES ('b11a4b3d-5612-4326-94e6-4c3924539db7', '18a7ce25-b265-4271-9d48-ffd8e118dd59', '1fbeb767-f273-4e6b-bba6-ec9ce7d22681', 'Dinheiro', 1, 1, 2841, '2026-01-30', 'pago');
INSERT INTO public.payments (id, sale_id, customer_id, forma_pagamento, parcela_numero, total_parcelas, valor, data_vencimento, status) VALUES ('d1a620e2-0a98-46ea-95f3-e50f49b7f39a', '0aa90bcf-2e6a-4828-8a30-973b15d97fb1', '05b41924-2ae8-4fc6-af30-9a92e20a89d5', 'Dinheiro', 1, 1, 585, '2026-01-24', 'cancelado');
INSERT INTO public.payments (id, sale_id, customer_id, forma_pagamento, parcela_numero, total_parcelas, valor, data_vencimento, status) VALUES ('bb6c6dd2-d351-4c8b-b460-8376a40eeae7', '4a0f62f2-b196-4d57-be7e-4b11d6d30f63', '5acf328b-d7db-4639-8583-85fd7c673a46', 'Boleto', 1, 1, 245, '2026-03-20', 'vencido');
INSERT INTO public.payments (id, sale_id, customer_id, forma_pagamento, parcela_numero, total_parcelas, valor, data_vencimento, status) VALUES ('31809e75-aa2f-45f6-9f64-95a6ceae96cc', '3a5e6045-701f-4b81-9cd2-9d7fed1d8af8', 'a720e2ba-3e88-4a77-8cfd-e5d8be5edeb1', 'Cartão de Crédito', 1, 1, 2922, '2026-01-04', 'pago');
INSERT INTO public.payments (id, sale_id, customer_id, forma_pagamento, parcela_numero, total_parcelas, valor, data_vencimento, status) VALUES ('1e42053d-ca0e-4aee-9641-18f3024106ca', '4880293c-641b-4989-8f1d-b98373d62870', '68d3bef4-f975-497b-8a18-f7e3a2202f9d', 'Dinheiro', 1, 1, 195, '2026-02-11', 'pendente');
INSERT INTO public.payments (id, sale_id, customer_id, forma_pagamento, parcela_numero, total_parcelas, valor, data_vencimento, status) VALUES ('e09edb57-3ba4-4775-b5c9-db93b29a5a0a', '8fe1a2c4-b22b-4eaf-a98e-f09c242871f4', 'fdf1b702-9996-4101-b7d5-37a005f5862d', 'Pix', 1, 1, 4935, '2026-03-22', 'pago');
INSERT INTO public.payments (id, sale_id, customer_id, forma_pagamento, parcela_numero, total_parcelas, valor, data_vencimento, status) VALUES ('cad8f72b-f9fe-4c97-9d88-20709826b4f2', '3bc7f5be-4309-4b29-9da6-3f13d4fdfaf2', '317fb309-76d7-475c-84f3-a0d46aca395d', 'Pix', 1, 1, 3267, '2026-03-28', 'pendente');
INSERT INTO public.payments (id, sale_id, customer_id, forma_pagamento, parcela_numero, total_parcelas, valor, data_vencimento, status) VALUES ('97bad979-7e92-4232-86e8-a38ab37de21c', '803c22f9-4417-407c-a6c5-07e4566932c9', '43a97dbc-a131-40fe-a04a-30659c7cf285', 'Pix', 1, 1, 1464, '2026-04-02', 'cancelado');
INSERT INTO public.payments (id, sale_id, customer_id, forma_pagamento, parcela_numero, total_parcelas, valor, data_vencimento, status) VALUES ('ef680626-0bb7-46b2-8f31-db3c2e7bca34', '9e7d6882-6c47-4eb9-9887-707128fec032', 'a4fd343f-759b-45ee-bd75-2a71f15c7984', 'Pix', 1, 1, 3014, '2026-02-12', 'cancelado');
INSERT INTO public.payments (id, sale_id, customer_id, forma_pagamento, parcela_numero, total_parcelas, valor, data_vencimento, status) VALUES ('4ac6929e-babc-46ae-a92a-7f4cda457320', '0c94f16a-283b-4a00-a34c-266d87d4ec9c', 'e7132a5f-85ca-4a9a-a99f-f8114d471369', 'Cartão de Crédito', 1, 1, 438, '2026-01-11', 'pendente');
INSERT INTO public.payments (id, sale_id, customer_id, forma_pagamento, parcela_numero, total_parcelas, valor, data_vencimento, status) VALUES ('2bb11767-013c-4e71-96bb-c17fb81be21d', 'adb5bf62-4e3d-44ae-94a7-5ade6217a6ff', '68d3bef4-f975-497b-8a18-f7e3a2202f9d', 'Pix', 1, 1, 3847, '2026-01-07', 'vencido');
INSERT INTO public.payments (id, sale_id, customer_id, forma_pagamento, parcela_numero, total_parcelas, valor, data_vencimento, status) VALUES ('493c3351-e076-41c1-94b0-9837e5436638', '56f1f474-8512-4030-b10f-31f747927742', 'd64c311a-790c-44ec-8c31-22e5bdf03bd9', 'Boleto', 1, 1, 4447, '2026-01-16', 'pendente');
INSERT INTO public.payments (id, sale_id, customer_id, forma_pagamento, parcela_numero, total_parcelas, valor, data_vencimento, status) VALUES ('cf13350e-ba70-4daf-824d-35e0dfe6c56c', 'c2b28ea4-d054-4ebd-bdd4-7955b9507a00', '6f62c32e-8af0-4689-b3d9-94d7e58bbcc8', 'Pix', 1, 1, 334, '2026-01-03', 'cancelado');
INSERT INTO public.payments (id, sale_id, customer_id, forma_pagamento, parcela_numero, total_parcelas, valor, data_vencimento, status) VALUES ('d8984641-16d6-4073-85de-57c703f13a5d', 'a2ba8f04-6890-4c1b-b0ed-d71440110299', '3550745c-0382-422d-b5a1-5ea2f53728db', 'Dinheiro', 1, 1, 3542, '2026-04-02', 'pendente');
INSERT INTO public.payments (id, sale_id, customer_id, forma_pagamento, parcela_numero, total_parcelas, valor, data_vencimento, status) VALUES ('dc9bc2fd-f270-433f-844b-475acfe7deed', '386d94c5-e5f9-419f-b996-a9cd561c37b5', 'b3bab892-f436-4698-aaf9-5c2b9bf0cbc9', 'Cartão de Crédito', 1, 1, 3163, '2026-03-28', 'cancelado');
INSERT INTO public.payments (id, sale_id, customer_id, forma_pagamento, parcela_numero, total_parcelas, valor, data_vencimento, status) VALUES ('0159028b-a6ba-4bae-abca-2ad5f968a01e', '2f07e789-1532-4b60-a097-67d518012574', '9d75a1d3-5dc1-4492-9e09-676bec62c14a', 'Pix', 1, 1, 2931, '2026-03-31', 'pago');

COMMIT;
